{"text": " My name is Abhishek Kumar and I am recording this audio for testing purpose. This is recording number one.", "segments": [{"id": 0, "seek": 0, "start": 0.0, "end": 8.0, "text": " My name is Abhishek Kumar and I am recording this audio for testing purpose. This is recording number one.", "tokens": [50364, 1222, 1315, 307, 2847, 18300, 675, 74, 46500, 293, 286, 669, 6613, 341, 6278, 337, 4997, 4334, 13, 639, 307, 6613, 1230, 472, 13, 50764], "temperature": 0.0, "avg_logprob": -0.48541846098723235, "compression_ratio": 1.1521739130434783, "no_speech_prob": 0.0825585350394249}], "language": "en"}